<?xml version="1.0" encoding="utf-8"?>
<manifest identifier="G4QAkWCFJ1LwT" xmlns="http://www.imsproject.org/xsd/imscp_rootv1p1p2" xmlns:adlcp="http://www.adlnet.org/xsd/adlcp_rootv1p2" xmlns:xsi="http://www.w3.org/2001/XMLSchema-instance" xmlns:lom="http://www.imsglobal.org/xsd/imsmd_rootv1p2p1" xsi:schemaLocation="http://www.imsproject.org/xsd/imscp_rootv1p1p2 imscp_rootv1p1p2.xsd http://www.imsglobal.org/xsd/imsmd_rootv1p2p1 imsmd_rootv1p2p1.xsd http://www.adlnet.org/xsd/adlcp_rootv1p2 adlcp_rootv1p2.xsd">
<metadata>
<schema>ADL SCORM</schema>
<schemaversion>1.2</schemaversion>
<lom:lom>
<lom:general>
<lom:title>
<lom:langstring>zolės</lom:langstring>
</lom:title>
</lom:general>
<lom:educational>
<lom:typicallearningtime>
<lom:datetime>01:00:00</lom:datetime>
</lom:typicallearningtime>
</lom:educational>
</lom:lom>
</metadata>
<organizations default="G4QAkWCFJ1LwT_organization">
<organization identifier="G4QAkWCFJ1LwT_organization">
<title>zolės</title>
<item identifier="BFB59279-FA65-4BA8-8ADB-D3279AB2A042" identifierref="resource">
<title>medziai</title>
</item>
</organization>
</organizations>
<resources>
<resource identifier="resource" type="webcontent" adlcp:scormtype="sco" href="res/index.html">
<file href="res/index.html"/>
<file href="res/lms.js"/>
<file href="res/data/slide1.js"/>
<file href="res/data/slide1.css"/>
<file href="res/data.local-only/slide1.js"/>
<file href="res/data/slide2.js"/>
<file href="res/data/slide2.css"/>
<file href="res/data.local-only/slide2.js"/>
<file href="res/data/slide3.js"/>
<file href="res/data/slide3.css"/>
<file href="res/data.local-only/slide3.js"/>
<file href="res/data/slide4.js"/>
<file href="res/data/slide4.css"/>
<file href="res/data.local-only/slide4.js"/>
<file href="res/data/slide5.js"/>
<file href="res/data/slide5.css"/>
<file href="res/data.local-only/slide5.js"/>
<file href="res/data/slide6.js"/>
<file href="res/data/slide6.css"/>
<file href="res/data.local-only/slide6.js"/>
<file href="res/data/slide7.js"/>
<file href="res/data/slide7.css"/>
<file href="res/data.local-only/slide7.js"/>
<file href="res/data/slide8.js"/>
<file href="res/data/slide8.css"/>
<file href="res/data.local-only/slide8.js"/>
<file href="res/data/slide9.js"/>
<file href="res/data/slide9.css"/>
<file href="res/data.local-only/slide9.js"/>
<file href="res/data/slide10.js"/>
<file href="res/data/slide10.css"/>
<file href="res/data.local-only/slide10.js"/>
<file href="res/data/slide11.js"/>
<file href="res/data/slide11.css"/>
<file href="res/data.local-only/slide11.js"/>
<file href="res/data/quiz1.js"/>
<file href="res/data/quiz1/fonts/fnt0.woff"/>
<file href="res/data/quiz1/fonts/fnt1.woff"/>
<file href="res/data/quiz1/fonts/fnt2.woff"/>
<file href="res/data/quiz1/images/img-1ae29b3efe62d84a40db42c4635a928bfd2b226e.jpg"/>
<file href="res/data/quiz1/images/img-1c6bc6a9a50f19f7f5bb4fa30796c21550d2658a.jpg"/>
<file href="res/data/quiz1/images/img-61ac43a9bd59a8d388928843c3d86c06ce4dc3e2.jpg"/>
<file href="res/data/quiz1/images/img-72a265816e1b85917aeb7261c14a9735e3699a7f.jpg"/>
<file href="res/data/quiz1/images/img-792e84d184282f4c41e85e33dcfc27df189ee23b.jpg"/>
<file href="res/data/quiz1/images/img-932021d2b302a57425259a13644cce90b4e0114b.jpg"/>
<file href="res/data/quiz1/images/img-ef9a4c431e500b3e115b096e832f1a0d29fc1384.jpg"/>
<file href="res/data/quiz1/images/img-f6a0dd17102768e604f999db894907e57019ceb6.jpg"/>
<file href="res/data/quiz1/images/img-feccb39102d6b83dc47e352b4a656ed7caf0996b.png"/>
<file href="res/data/quiz1/images/quiz_bg_0.png"/>
<file href="res/data/quizplayer.js"/>
<file href="res/index.html"/>
<file href="res/data/player.js"/>
<file href="res/data/browsersupport.js"/>
<file href="res/data/apple-touch-icon.png"/>
<file href="res/data/favicon.ico"/>
<file href="res/data/fnt0.woff"/>
<file href="res/data/fnt1.woff"/>
<file href="res/data/fnt2.woff"/>
<file href="res/data/fnt3.woff"/>
<file href="res/data/fnt4.woff"/>
<file href="res/data/fnt5.woff"/>
<file href="res/data/fnt6.woff"/>
<file href="res/data/fnt7.woff"/>
<file href="res/data/fnt8.woff"/>
<file href="res/data/fnt9.woff"/>
<file href="res/data/html5-unsupported.html"/>
<file href="res/data/html5.png"/>
<file href="res/data/img0.png"/>
<file href="res/data/img1.png"/>
<file href="res/data/img10.png"/>
<file href="res/data/img11.jpg"/>
<file href="res/data/img12.png"/>
<file href="res/data/img13.jpg"/>
<file href="res/data/img14.png"/>
<file href="res/data/img15.jpg"/>
<file href="res/data/img16.png"/>
<file href="res/data/img17.jpg"/>
<file href="res/data/img18.png"/>
<file href="res/data/img19.jpg"/>
<file href="res/data/img2.png"/>
<file href="res/data/img20.png"/>
<file href="res/data/img21.jpg"/>
<file href="res/data/img22.png"/>
<file href="res/data/img23.jpg"/>
<file href="res/data/img24.png"/>
<file href="res/data/img25.jpg"/>
<file href="res/data/img26.png"/>
<file href="res/data/img27.jpg"/>
<file href="res/data/img28.jpg"/>
<file href="res/data/img29.jpg"/>
<file href="res/data/img3.jpg"/>
<file href="res/data/img30.png"/>
<file href="res/data/img31.jpg"/>
<file href="res/data/img32.jpg"/>
<file href="res/data/img33.jpg"/>
<file href="res/data/img34.jpg"/>
<file href="res/data/img35.jpg"/>
<file href="res/data/img36.png"/>
<file href="res/data/img37.png"/>
<file href="res/data/img38.png"/>
<file href="res/data/img4.png"/>
<file href="res/data/img5.jpg"/>
<file href="res/data/img6.png"/>
<file href="res/data/img7.jpg"/>
<file href="res/data/img8.png"/>
<file href="res/data/img9.jpg"/>
<file href="res/data/quiz_bg_0.png"/>
</resource>
</resources>
</manifest>
